"model","coordinates","zoomedEntities","url","limit","assistantInstructions","extraInstructions","prompt","modelTemperature","response","durationCB","durationOAI","duration","waiting","logTime","correct_ans","reason"
"gpt-4o-mini","[-3.776206970214844, 40.3655118698086, -3.63149642944336, 40.3655118698086, -3.63149642944336, 40.46797608552582, -3.776206970214844, 40.46797608552582]","['urn:ngsi-ld:PoI:170', 'urn:ngsi-ld:PoI:213', 'urn:ngsi-ld:PoI:23', 'urn:ngsi-ld:PoI:230', 'urn:ngsi-ld:PoI:240', 'urn:ngsi-ld:PoI:246', 'urn:ngsi-ld:PoI:258', 'urn:ngsi-ld:PoI:287', 'urn:ngsi-ld:PoI:381', 'urn:ngsi-ld:PoI:422']","http://localhost:1027/http://fiware-orion-ld:1026/ngsi-ld/v1/entities?local=true&type=PoI&options=concise&limit=10&orderBy=relevance&georel=within&geometry=Polygon&coordinates=%5B%5B%5B-3.776206970214844%2C40.3655118698086%5D%2C%5B-3.63149642944336%2C40.3655118698086%5D%2C%5B-3.63149642944336%2C40.46797608552582%5D%2C%5B-3.776206970214844%2C40.46797608552582%5D%2C%5B-3.776206970214844%2C40.3655118698086%5D%5D%5D","10","You are a tourist guide in the city from where the data is provided. Also you are expert in NGSI and semantics. You should only answer about the following points of interests that I will provide you in NGSI format. At first, you should only provide the name of the places with not extra detail, unless requested in the prompt message by the user. If you don't know about any place, or you cannot find anything matching the request you should just say that you can't find anything in a expresive and emphatic way related to the asked question.","You should provide the information in plain text, with natural language understandable by tourists. Please, also consider only the following points of interest when giving advices. Otherwise, just say that you can't find anything. Answer in plain natural text please, no markdown nor HTML. And simple items including only the title, unless requested by the user. Please, If there are NO PoIs, DO NOT GIVE ANY HINT, just say you do not know. Here are the PoIs: ","Could you please recommend the most interesting landmarks or places in Madrid to me?","0","I can't find anything.","16.700000002980232","[1861.5]","[7211.9000000059605]","0","2025-01-08T10:23:57.571Z","NO","All PoIs satisfy the criteria"
"gpt-4o-mini","[-3.776206970214844, 40.3655118698086, -3.63149642944336, 40.3655118698086, -3.63149642944336, 40.46797608552582, -3.776206970214844, 40.46797608552582]","['urn:ngsi-ld:PoI:170', 'urn:ngsi-ld:PoI:213', 'urn:ngsi-ld:PoI:23', 'urn:ngsi-ld:PoI:230', 'urn:ngsi-ld:PoI:240', 'urn:ngsi-ld:PoI:246', 'urn:ngsi-ld:PoI:258', 'urn:ngsi-ld:PoI:287', 'urn:ngsi-ld:PoI:381', 'urn:ngsi-ld:PoI:422']","http://localhost:1027/http://fiware-orion-ld:1026/ngsi-ld/v1/entities?local=true&type=PoI&options=concise&limit=10&orderBy=relevance&georel=within&geometry=Polygon&coordinates=%5B%5B%5B-3.776206970214844%2C40.3655118698086%5D%2C%5B-3.63149642944336%2C40.3655118698086%5D%2C%5B-3.63149642944336%2C40.46797608552582%5D%2C%5B-3.776206970214844%2C40.46797608552582%5D%2C%5B-3.776206970214844%2C40.3655118698086%5D%5D%5D","10","You are a tourist guide in the city from where the data is provided. Also you are expert in NGSI and semantics. You should only answer about the following points of interests that I will provide you in NGSI format. At first, you should only provide the name of the places with not extra detail, unless requested in the prompt message by the user. If you don't know about any place, or you cannot find anything matching the request you should just say that you can't find anything in a expresive and emphatic way related to the asked question.","You should provide the information in plain text, with natural language understandable by tourists. Please, also consider only the following points of interest when giving advices. Otherwise, just say that you can't find anything. Answer in plain natural text please, no markdown nor HTML. And simple items including only the title, unless requested by the user. Please, If there are NO PoIs, DO NOT GIVE ANY HINT, just say you do not know. Here are the PoIs: ","Please, show me a list of the top 5 most relevant sites in Madrid","0","1. Restaurante StreetXO. 2. Iglesia de Santa María la Real de La Almudena. 3. Hospital Clínico San Carlos. 4. Juzgados de Plaza de Castilla. 5. Restaurante El Club Allard","26.899999991059303","[2041.8999999910593, 2538.0999999940395]","[6543.399999991059, 7039.5999999940395]","2","2025-01-08T10:25:16.682Z","YES","Returned 5 PoIs that are within the criteria"
"gpt-4o-mini","[-3.776206970214844, 40.3655118698086, -3.63149642944336, 40.3655118698086, -3.63149642944336, 40.46797608552582, -3.776206970214844, 40.46797608552582]","['urn:ngsi-ld:PoI:170', 'urn:ngsi-ld:PoI:213', 'urn:ngsi-ld:PoI:23', 'urn:ngsi-ld:PoI:230', 'urn:ngsi-ld:PoI:240', 'urn:ngsi-ld:PoI:246', 'urn:ngsi-ld:PoI:258', 'urn:ngsi-ld:PoI:287', 'urn:ngsi-ld:PoI:381', 'urn:ngsi-ld:PoI:422']","http://localhost:1027/http://fiware-orion-ld:1026/ngsi-ld/v1/entities?local=true&type=PoI&options=concise&limit=10&orderBy=relevance&georel=within&geometry=Polygon&coordinates=%5B%5B%5B-3.776206970214844%2C40.3655118698086%5D%2C%5B-3.63149642944336%2C40.3655118698086%5D%2C%5B-3.63149642944336%2C40.46797608552582%5D%2C%5B-3.776206970214844%2C40.46797608552582%5D%2C%5B-3.776206970214844%2C40.3655118698086%5D%5D%5D","10","You are a tourist guide in the city from where the data is provided. Also you are expert in NGSI and semantics. You should only answer about the following points of interests that I will provide you in NGSI format. At first, you should only provide the name of the places with not extra detail, unless requested in the prompt message by the user. If you don't know about any place, or you cannot find anything matching the request you should just say that you can't find anything in a expresive and emphatic way related to the asked question.","You should provide the information in plain text, with natural language understandable by tourists. Please, also consider only the following points of interest when giving advices. Otherwise, just say that you can't find anything. Answer in plain natural text please, no markdown nor HTML. And simple items including only the title, unless requested by the user. Please, If there are NO PoIs, DO NOT GIVE ANY HINT, just say you do not know. Here are the PoIs: ","Please, inform me of all the places I can visit in Madrid today that have a cost between 10€ and 20€","0","I can't find anything.","23","[1880.5999999940395, 2371.5999999940395]","[4730.29999999702, 5221.29999999702]","1","2025-01-08T10:28:10.489Z","YES","None of the 10 places are within a cost range of 10-20€. All the places have 0€ cost."
"gpt-4o-mini","[-3.776206970214844, 40.3655118698086, -3.63149642944336, 40.3655118698086, -3.63149642944336, 40.46797608552582, -3.776206970214844, 40.46797608552582]","['urn:ngsi-ld:PoI:170', 'urn:ngsi-ld:PoI:213', 'urn:ngsi-ld:PoI:23', 'urn:ngsi-ld:PoI:230', 'urn:ngsi-ld:PoI:240', 'urn:ngsi-ld:PoI:246', 'urn:ngsi-ld:PoI:258', 'urn:ngsi-ld:PoI:287', 'urn:ngsi-ld:PoI:381', 'urn:ngsi-ld:PoI:422']","http://localhost:1027/http://fiware-orion-ld:1026/ngsi-ld/v1/entities?local=true&type=PoI&options=concise&limit=10&orderBy=relevance&georel=within&geometry=Polygon&coordinates=%5B%5B%5B-3.776206970214844%2C40.3655118698086%5D%2C%5B-3.63149642944336%2C40.3655118698086%5D%2C%5B-3.63149642944336%2C40.46797608552582%5D%2C%5B-3.776206970214844%2C40.46797608552582%5D%2C%5B-3.776206970214844%2C40.3655118698086%5D%5D%5D","10","You are a tourist guide in the city from where the data is provided. Also you are expert in NGSI and semantics. You should only answer about the following points of interests that I will provide you in NGSI format. At first, you should only provide the name of the places with not extra detail, unless requested in the prompt message by the user. If you don't know about any place, or you cannot find anything matching the request you should just say that you can't find anything in a expresive and emphatic way related to the asked question.","You should provide the information in plain text, with natural language understandable by tourists. Please, also consider only the following points of interest when giving advices. Otherwise, just say that you can't find anything. Answer in plain natural text please, no markdown nor HTML. And simple items including only the title, unless requested by the user. Please, If there are NO PoIs, DO NOT GIVE ANY HINT, just say you do not know. Here are the PoIs: ","Please, show me some landmarks that are free of charge","0","1. Restaurante StreetXO. 2. Iglesia de Santa María la Real de La Almudena. 3. Hospital Clínico San Carlos. 4. Juzgados de Plaza de Castilla. 5. Restaurante El Club Allard. 6. Restaurante Sobrino de Botín. 7. Hospital Universitario 12 de Octubre. 8. Universidad Politécnica de Madrid (UPM). 9. Restaurante Botín. 10. El Retiro","17.099999994039536","[3055]","[5527.70000000298]","3","2025-01-08T10:28:31.628Z","YES","All PoIs satisfy the criteria being free of charge"
"gpt-4o-mini","[-3.776206970214844, 40.3655118698086, -3.63149642944336, 40.3655118698086, -3.63149642944336, 40.46797608552582, -3.776206970214844, 40.46797608552582]","['urn:ngsi-ld:PoI:170', 'urn:ngsi-ld:PoI:213', 'urn:ngsi-ld:PoI:23', 'urn:ngsi-ld:PoI:230', 'urn:ngsi-ld:PoI:240', 'urn:ngsi-ld:PoI:246', 'urn:ngsi-ld:PoI:258', 'urn:ngsi-ld:PoI:287', 'urn:ngsi-ld:PoI:381', 'urn:ngsi-ld:PoI:422']","http://localhost:1027/http://fiware-orion-ld:1026/ngsi-ld/v1/entities?local=true&type=PoI&options=concise&limit=10&orderBy=relevance&georel=within&geometry=Polygon&coordinates=%5B%5B%5B-3.776206970214844%2C40.3655118698086%5D%2C%5B-3.63149642944336%2C40.3655118698086%5D%2C%5B-3.63149642944336%2C40.46797608552582%5D%2C%5B-3.776206970214844%2C40.46797608552582%5D%2C%5B-3.776206970214844%2C40.3655118698086%5D%5D%5D","10","You are a tourist guide in the city from where the data is provided. Also you are expert in NGSI and semantics. You should only answer about the following points of interests that I will provide you in NGSI format. At first, you should only provide the name of the places with not extra detail, unless requested in the prompt message by the user. If you don't know about any place, or you cannot find anything matching the request you should just say that you can't find anything in a expresive and emphatic way related to the asked question.","You should provide the information in plain text, with natural language understandable by tourists. Please, also consider only the following points of interest when giving advices. Otherwise, just say that you can't find anything. Answer in plain natural text please, no markdown nor HTML. And simple items including only the title, unless requested by the user. Please, If there are NO PoIs, DO NOT GIVE ANY HINT, just say you do not know. Here are the PoIs: ","Please, list some places that are related to sports","0","I can't find anything.","18.599999994039536","[1799.6000000089407, 2318.7999999970198, 2799.2000000029802, 3315.2999999970198]","[3952.4000000059605, 4471.5999999940395, 4952, 5468.0999999940395]","1","2025-01-08T10:29:00.125Z","YES","None of the places are related to sports"
"gpt-4o-mini","[-3.776206970214844, 40.3655118698086, -3.63149642944336, 40.3655118698086, -3.63149642944336, 40.46797608552582, -3.776206970214844, 40.46797608552582]","['urn:ngsi-ld:PoI:170', 'urn:ngsi-ld:PoI:213', 'urn:ngsi-ld:PoI:23', 'urn:ngsi-ld:PoI:230', 'urn:ngsi-ld:PoI:240', 'urn:ngsi-ld:PoI:246', 'urn:ngsi-ld:PoI:258', 'urn:ngsi-ld:PoI:287', 'urn:ngsi-ld:PoI:381', 'urn:ngsi-ld:PoI:422']","http://localhost:1027/http://fiware-orion-ld:1026/ngsi-ld/v1/entities?local=true&type=PoI&options=concise&limit=10&orderBy=relevance&georel=within&geometry=Polygon&coordinates=%5B%5B%5B-3.776206970214844%2C40.3655118698086%5D%2C%5B-3.63149642944336%2C40.3655118698086%5D%2C%5B-3.63149642944336%2C40.46797608552582%5D%2C%5B-3.776206970214844%2C40.46797608552582%5D%2C%5B-3.776206970214844%2C40.3655118698086%5D%5D%5D","10","You are a tourist guide in the city from where the data is provided. Also you are expert in NGSI and semantics. You should only answer about the following points of interests that I will provide you in NGSI format. At first, you should only provide the name of the places with not extra detail, unless requested in the prompt message by the user. If you don't know about any place, or you cannot find anything matching the request you should just say that you can't find anything in a expresive and emphatic way related to the asked question.","You should provide the information in plain text, with natural language understandable by tourists. Please, also consider only the following points of interest when giving advices. Otherwise, just say that you can't find anything. Answer in plain natural text please, no markdown nor HTML. And simple items including only the title, unless requested by the user. Please, If there are NO PoIs, DO NOT GIVE ANY HINT, just say you do not know. Here are the PoIs: ","Do you know the Museo del Prado","0","I can't find anything.","23","[1768.7000000029802]","[3733.9000000059605]","1","2025-01-08T10:29:05.398Z","YES","PoI “Museo del Prado” is not within the 10 PoIs used in the prompt"
"gpt-4o-mini","[-3.776206970214844, 40.3655118698086, -3.63149642944336, 40.3655118698086, -3.63149642944336, 40.46797608552582, -3.776206970214844, 40.46797608552582]","['urn:ngsi-ld:PoI:170', 'urn:ngsi-ld:PoI:213', 'urn:ngsi-ld:PoI:23', 'urn:ngsi-ld:PoI:230', 'urn:ngsi-ld:PoI:240', 'urn:ngsi-ld:PoI:246', 'urn:ngsi-ld:PoI:258', 'urn:ngsi-ld:PoI:287', 'urn:ngsi-ld:PoI:381', 'urn:ngsi-ld:PoI:422']","http://localhost:1027/http://fiware-orion-ld:1026/ngsi-ld/v1/entities?local=true&type=PoI&options=concise&limit=10&orderBy=relevance&georel=within&geometry=Polygon&coordinates=%5B%5B%5B-3.776206970214844%2C40.3655118698086%5D%2C%5B-3.63149642944336%2C40.3655118698086%5D%2C%5B-3.63149642944336%2C40.46797608552582%5D%2C%5B-3.776206970214844%2C40.46797608552582%5D%2C%5B-3.776206970214844%2C40.3655118698086%5D%5D%5D","10","You are a tourist guide in the city from where the data is provided. Also you are expert in NGSI and semantics. You should only answer about the following points of interests that I will provide you in NGSI format. At first, you should only provide the name of the places with not extra detail, unless requested in the prompt message by the user. If you don't know about any place, or you cannot find anything matching the request you should just say that you can't find anything in a expresive and emphatic way related to the asked question.","You should provide the information in plain text, with natural language understandable by tourists. Please, also consider only the following points of interest when giving advices. Otherwise, just say that you can't find anything. Answer in plain natural text please, no markdown nor HTML. And simple items including only the title, unless requested by the user. Please, If there are NO PoIs, DO NOT GIVE ANY HINT, just say you do not know. Here are the PoIs: ","Could you please let me know if the Museo del Prado is free of charge to enter?","0","I can't find anything.","20.099999994039536","[1984.5]","[3941.8999999910593]","1","2025-01-08T10:29:13.458Z","YES","PoI “Museo del Prado” is not within the 10 PoIs used in the prompt"
"gpt-4o-mini","[-3.776206970214844, 40.3655118698086, -3.63149642944336, 40.3655118698086, -3.63149642944336, 40.46797608552582, -3.776206970214844, 40.46797608552582]","['urn:ngsi-ld:PoI:170', 'urn:ngsi-ld:PoI:213', 'urn:ngsi-ld:PoI:23', 'urn:ngsi-ld:PoI:230', 'urn:ngsi-ld:PoI:240', 'urn:ngsi-ld:PoI:246', 'urn:ngsi-ld:PoI:258', 'urn:ngsi-ld:PoI:287', 'urn:ngsi-ld:PoI:381', 'urn:ngsi-ld:PoI:422']","http://localhost:1027/http://fiware-orion-ld:1026/ngsi-ld/v1/entities?local=true&type=PoI&options=concise&limit=10&orderBy=relevance&georel=within&geometry=Polygon&coordinates=%5B%5B%5B-3.776206970214844%2C40.3655118698086%5D%2C%5B-3.63149642944336%2C40.3655118698086%5D%2C%5B-3.63149642944336%2C40.46797608552582%5D%2C%5B-3.776206970214844%2C40.46797608552582%5D%2C%5B-3.776206970214844%2C40.3655118698086%5D%5D%5D","10","You are a tourist guide in the city from where the data is provided. Also you are expert in NGSI and semantics. You should only answer about the following points of interests that I will provide you in NGSI format. At first, you should only provide the name of the places with not extra detail, unless requested in the prompt message by the user. If you don't know about any place, or you cannot find anything matching the request you should just say that you can't find anything in a expresive and emphatic way related to the asked question.","You should provide the information in plain text, with natural language understandable by tourists. Please, also consider only the following points of interest when giving advices. Otherwise, just say that you can't find anything. Answer in plain natural text please, no markdown nor HTML. And simple items including only the title, unless requested by the user. Please, If there are NO PoIs, DO NOT GIVE ANY HINT, just say you do not know. Here are the PoIs: ","Please tell me if the Museo del Prado is currently crowded?","0","I can't find anything.","17.599999994039536","[1771.2999999970198]","[4859.5999999940395]","1","2025-01-08T10:29:19.881Z","YES","PoI “Museo del Prado” is not within the 10 PoIs used in the prompt"
"gpt-4o-mini","[-3.776206970214844, 40.3655118698086, -3.63149642944336, 40.3655118698086, -3.63149642944336, 40.46797608552582, -3.776206970214844, 40.46797608552582]","['urn:ngsi-ld:PoI:170', 'urn:ngsi-ld:PoI:213', 'urn:ngsi-ld:PoI:23', 'urn:ngsi-ld:PoI:230', 'urn:ngsi-ld:PoI:240', 'urn:ngsi-ld:PoI:246', 'urn:ngsi-ld:PoI:258', 'urn:ngsi-ld:PoI:287', 'urn:ngsi-ld:PoI:381', 'urn:ngsi-ld:PoI:422']","http://localhost:1027/http://fiware-orion-ld:1026/ngsi-ld/v1/entities?local=true&type=PoI&options=concise&limit=10&orderBy=relevance&georel=within&geometry=Polygon&coordinates=%5B%5B%5B-3.776206970214844%2C40.3655118698086%5D%2C%5B-3.63149642944336%2C40.3655118698086%5D%2C%5B-3.63149642944336%2C40.46797608552582%5D%2C%5B-3.776206970214844%2C40.46797608552582%5D%2C%5B-3.776206970214844%2C40.3655118698086%5D%5D%5D","10","You are a tourist guide in the city from where the data is provided. Also you are expert in NGSI and semantics. You should only answer about the following points of interests that I will provide you in NGSI format. At first, you should only provide the name of the places with not extra detail, unless requested in the prompt message by the user. If you don't know about any place, or you cannot find anything matching the request you should just say that you can't find anything in a expresive and emphatic way related to the asked question.","You should provide the information in plain text, with natural language understandable by tourists. Please, also consider only the following points of interest when giving advices. Otherwise, just say that you can't find anything. Answer in plain natural text please, no markdown nor HTML. And simple items including only the title, unless requested by the user. Please, If there are NO PoIs, DO NOT GIVE ANY HINT, just say you do not know. Here are the PoIs: ","Could you please show me places with an occupancy of less than 50 people and a relevance of 1?","0","I can't find anything.","21.599999994039536","[2048]","[3979.4000000059605]","2","2025-01-08T10:29:48.478Z","YES","(r=1 AND O<50) Although the relevance==1 condition is satisfied, none of the PoIs satisfy the occupance < 50 people"
"gpt-4o-mini","[-3.776206970214844, 40.3655118698086, -3.63149642944336, 40.3655118698086, -3.63149642944336, 40.46797608552582, -3.776206970214844, 40.46797608552582]","['urn:ngsi-ld:PoI:170', 'urn:ngsi-ld:PoI:213', 'urn:ngsi-ld:PoI:23', 'urn:ngsi-ld:PoI:230', 'urn:ngsi-ld:PoI:240', 'urn:ngsi-ld:PoI:246', 'urn:ngsi-ld:PoI:258', 'urn:ngsi-ld:PoI:287', 'urn:ngsi-ld:PoI:381', 'urn:ngsi-ld:PoI:422']","http://localhost:1027/http://fiware-orion-ld:1026/ngsi-ld/v1/entities?local=true&type=PoI&options=concise&limit=10&orderBy=relevance&georel=within&geometry=Polygon&coordinates=%5B%5B%5B-3.776206970214844%2C40.3655118698086%5D%2C%5B-3.63149642944336%2C40.3655118698086%5D%2C%5B-3.63149642944336%2C40.46797608552582%5D%2C%5B-3.776206970214844%2C40.46797608552582%5D%2C%5B-3.776206970214844%2C40.3655118698086%5D%5D%5D","10","You are a tourist guide in the city from where the data is provided. Also you are expert in NGSI and semantics. You should only answer about the following points of interests that I will provide you in NGSI format. At first, you should only provide the name of the places with not extra detail, unless requested in the prompt message by the user. If you don't know about any place, or you cannot find anything matching the request you should just say that you can't find anything in a expresive and emphatic way related to the asked question.","You should provide the information in plain text, with natural language understandable by tourists. Please, also consider only the following points of interest when giving advices. Otherwise, just say that you can't find anything. Answer in plain natural text please, no markdown nor HTML. And simple items including only the title, unless requested by the user. Please, If there are NO PoIs, DO NOT GIVE ANY HINT, just say you do not know. Here are the PoIs: ","Could you please show me places that have an occupancy of not less than 50 people and a relevance that is not 1?","0","I can't find anything.","24.399999991059303","[1502.5, 2020.7999999970198]","[5924.5999999940395, 6442.899999991059]","0","2025-01-08T10:30:40.836Z","YES","(r!=1 AND O>=50) -- Although the O>= 50 for all PoIs, none of them have a relevance other than 1"
"gpt-4o-mini","[-3.776206970214844, 40.3655118698086, -3.63149642944336, 40.3655118698086, -3.63149642944336, 40.46797608552582, -3.776206970214844, 40.46797608552582]","['urn:ngsi-ld:PoI:170', 'urn:ngsi-ld:PoI:213', 'urn:ngsi-ld:PoI:23', 'urn:ngsi-ld:PoI:230', 'urn:ngsi-ld:PoI:240', 'urn:ngsi-ld:PoI:246', 'urn:ngsi-ld:PoI:258', 'urn:ngsi-ld:PoI:287', 'urn:ngsi-ld:PoI:381', 'urn:ngsi-ld:PoI:422']","http://localhost:1027/http://fiware-orion-ld:1026/ngsi-ld/v1/entities?local=true&type=PoI&options=concise&limit=10&orderBy=relevance&georel=within&geometry=Polygon&coordinates=%5B%5B%5B-3.776206970214844%2C40.3655118698086%5D%2C%5B-3.63149642944336%2C40.3655118698086%5D%2C%5B-3.63149642944336%2C40.46797608552582%5D%2C%5B-3.776206970214844%2C40.46797608552582%5D%2C%5B-3.776206970214844%2C40.3655118698086%5D%5D%5D","10","You are a tourist guide in the city from where the data is provided. Also you are expert in NGSI and semantics. You should only answer about the following points of interests that I will provide you in NGSI format. At first, you should only provide the name of the places with not extra detail, unless requested in the prompt message by the user. If you don't know about any place, or you cannot find anything matching the request you should just say that you can't find anything in a expresive and emphatic way related to the asked question.","You should provide the information in plain text, with natural language understandable by tourists. Please, also consider only the following points of interest when giving advices. Otherwise, just say that you can't find anything. Answer in plain natural text please, no markdown nor HTML. And simple items including only the title, unless requested by the user. Please, If there are NO PoIs, DO NOT GIVE ANY HINT, just say you do not know. Here are the PoIs: ","Could you please show me places with an occupancy of less than 50 people or a relevance of 1?","0","1. Restaurante StreetXO. 2. Iglesia de Santa María la Real de La Almudena. 3. Hospital Clínico San Carlos. 4. Juzgados de Plaza de Castilla. 5. Restaurante El Club Allard. 6. Restaurante Sobrino de Botín. 7. Hospital Universitario 12 de Octubre. 8. Universidad Politécnica de Madrid (UPM). 9. Restaurante Botín. 10. El Retiro","16.5","[3047, 3524.699999988079]","[4969.800000011921, 5447.5]","4","2025-01-08T10:31:07.460Z","YES","(r==1 OR O<50) -- Returned PoIs satisfy the relevance == 1 condition"
"gpt-4o-mini","[-3.776206970214844, 40.3655118698086, -3.63149642944336, 40.3655118698086, -3.63149642944336, 40.46797608552582, -3.776206970214844, 40.46797608552582]","['urn:ngsi-ld:PoI:170', 'urn:ngsi-ld:PoI:213', 'urn:ngsi-ld:PoI:23', 'urn:ngsi-ld:PoI:230', 'urn:ngsi-ld:PoI:240', 'urn:ngsi-ld:PoI:246', 'urn:ngsi-ld:PoI:258', 'urn:ngsi-ld:PoI:287', 'urn:ngsi-ld:PoI:381', 'urn:ngsi-ld:PoI:422']","http://localhost:1027/http://fiware-orion-ld:1026/ngsi-ld/v1/entities?local=true&type=PoI&options=concise&limit=10&orderBy=relevance&georel=within&geometry=Polygon&coordinates=%5B%5B%5B-3.776206970214844%2C40.3655118698086%5D%2C%5B-3.63149642944336%2C40.3655118698086%5D%2C%5B-3.63149642944336%2C40.46797608552582%5D%2C%5B-3.776206970214844%2C40.46797608552582%5D%2C%5B-3.776206970214844%2C40.3655118698086%5D%5D%5D","10","You are a tourist guide in the city from where the data is provided. Also you are expert in NGSI and semantics. You should only answer about the following points of interests that I will provide you in NGSI format. At first, you should only provide the name of the places with not extra detail, unless requested in the prompt message by the user. If you don't know about any place, or you cannot find anything matching the request you should just say that you can't find anything in a expresive and emphatic way related to the asked question.","You should provide the information in plain text, with natural language understandable by tourists. Please, also consider only the following points of interest when giving advices. Otherwise, just say that you can't find anything. Answer in plain natural text please, no markdown nor HTML. And simple items including only the title, unless requested by the user. Please, If there are NO PoIs, DO NOT GIVE ANY HINT, just say you do not know. Here are the PoIs: ","Could you please show me places that are occupied by not fewer than 50 people or have a relevance not equal to 1?","0","I can't find anything.","16.700000002980232","[1848.9000000059605, 2361.5]","[3878.7000000029802, 4391.29999999702]","1","2025-01-08T10:31:23.753Z","NO","(r!=1 OR O>=50) -- Wrong answer because although none of the PoIs have a relevance other than 1, all of then have an occupancy >= 50 people"
"gpt-4o-mini","[-3.776206970214844, 40.3655118698086, -3.63149642944336, 40.3655118698086, -3.63149642944336, 40.46797608552582, -3.776206970214844, 40.46797608552582]","['urn:ngsi-ld:PoI:170', 'urn:ngsi-ld:PoI:213', 'urn:ngsi-ld:PoI:23', 'urn:ngsi-ld:PoI:230', 'urn:ngsi-ld:PoI:240', 'urn:ngsi-ld:PoI:246', 'urn:ngsi-ld:PoI:258', 'urn:ngsi-ld:PoI:287', 'urn:ngsi-ld:PoI:381', 'urn:ngsi-ld:PoI:422']","http://localhost:1027/http://fiware-orion-ld:1026/ngsi-ld/v1/entities?local=true&type=PoI&options=concise&limit=10&orderBy=relevance&georel=within&geometry=Polygon&coordinates=%5B%5B%5B-3.776206970214844%2C40.3655118698086%5D%2C%5B-3.63149642944336%2C40.3655118698086%5D%2C%5B-3.63149642944336%2C40.46797608552582%5D%2C%5B-3.776206970214844%2C40.46797608552582%5D%2C%5B-3.776206970214844%2C40.3655118698086%5D%5D%5D","10","You are a tourist guide in the city from where the data is provided. Also you are expert in NGSI and semantics. You should only answer about the following points of interests that I will provide you in NGSI format. At first, you should only provide the name of the places with not extra detail, unless requested in the prompt message by the user. If you don't know about any place, or you cannot find anything matching the request you should just say that you can't find anything in a expresive and emphatic way related to the asked question.","You should provide the information in plain text, with natural language understandable by tourists. Please, also consider only the following points of interest when giving advices. Otherwise, just say that you can't find anything. Answer in plain natural text please, no markdown nor HTML. And simple items including only the title, unless requested by the user. Please, If there are NO PoIs, DO NOT GIVE ANY HINT, just say you do not know. Here are the PoIs: ","Could you please show me places that are occupied by not fewer than 50 people or have a relevance not equal to 1?","0","I can't find anything.","16.80000001192093","[2128]","[4002.1000000089407]","1","2025-01-08T10:31:53.640Z","NO","(r!=1 OR O>=50) -- Wrong answer because although none of the PoIs have a relevance other than 1, all of then have an occupancy >= 50 people"
"gpt-4o-mini","[-3.776206970214844, 40.3655118698086, -3.63149642944336, 40.3655118698086, -3.63149642944336, 40.46797608552582, -3.776206970214844, 40.46797608552582]","['urn:ngsi-ld:PoI:170', 'urn:ngsi-ld:PoI:213', 'urn:ngsi-ld:PoI:23', 'urn:ngsi-ld:PoI:230', 'urn:ngsi-ld:PoI:240', 'urn:ngsi-ld:PoI:246', 'urn:ngsi-ld:PoI:258', 'urn:ngsi-ld:PoI:287', 'urn:ngsi-ld:PoI:381', 'urn:ngsi-ld:PoI:422']","http://localhost:1027/http://fiware-orion-ld:1026/ngsi-ld/v1/entities?local=true&type=PoI&options=concise&limit=10&orderBy=relevance&georel=within&geometry=Polygon&coordinates=%5B%5B%5B-3.776206970214844%2C40.3655118698086%5D%2C%5B-3.63149642944336%2C40.3655118698086%5D%2C%5B-3.63149642944336%2C40.46797608552582%5D%2C%5B-3.776206970214844%2C40.46797608552582%5D%2C%5B-3.776206970214844%2C40.3655118698086%5D%5D%5D","10","You are a tourist guide in the city from where the data is provided. Also you are expert in NGSI and semantics. You should only answer about the following points of interests that I will provide you in NGSI format. At first, you should only provide the name of the places with not extra detail, unless requested in the prompt message by the user. If you don't know about any place, or you cannot find anything matching the request you should just say that you can't find anything in a expresive and emphatic way related to the asked question.","You should provide the information in plain text, with natural language understandable by tourists. Please, also consider only the following points of interest when giving advices. Otherwise, just say that you can't find anything. Answer in plain natural text please, no markdown nor HTML. And simple items including only the title, unless requested by the user. Please, If there are NO PoIs, DO NOT GIVE ANY HINT, just say you do not know. Here are the PoIs: ","Could you please show me places that are occupied by no less than 50 people or have a relevance not equal to 1?","0","I can't find anything.","16.599999994039536","[2156, 2665.4000000059605]","[4295.5999999940395, 4805]","2","2025-01-08T10:32:08.769Z","NO","(r!=1 OR O>=50) -- Wrong answer because although none of the PoIs have a relevance other than 1, all of then have an occupancy >= 50 people"
